<?xml version="1.0" encoding="UTF-8"?>
<!DOCTYPE mapper
    PUBLIC "-//mybatis.org//DTD Mapper 3.0//EN"
    "http://mybatis.org/dtd/mybatis-3-mapper.dtd">
<mapper namespace="product">
	
	<insert id="addProduct" parameterType="product">
		insert into product_tbl values(
						product_seq.nextval,
						#{name},
						#{price},
						#{stock},
						#{event},
						#{status},
						0,
						#{category},
						sysdate,
						#{filename})
	</insert>
	
	<select id="showAll" resultType="product">
		select * from product_tbl order by reg desc
	</select>
	
	<select id="showOne" parameterType="int" resultType="product">
		select *from product_tbl where no=#{no}
	</select>
	
	<!-- 카테고리 -->
	<select id="CategorySequnce" resultType="int">
		select category_seq.nextval from dual
	</select>
	<insert id="addCategory" parameterType="category">
		insert into category_tbl values(#{no},#{name},#{parentNo})
	</insert>
	<!-- 카테고리 중복 검사 및 기존에 있는것에 추가할 용도 -->
	<select id="overLapCheck" parameterType="String" resultType="category">
		select * from category_tbl where name=#{name}
	</select>
	
	<select id="FirstLevelCategory" resultType="category">
		select *from category_tbl where parent_no=0
	</select>
	
	<!-- 카테고리 하위 항목 출력을 위한 것 -->
	<select id="surchRowLevelcategory" parameterType="String" resultType="int">
		select no from category_tbl where name=#{name}
	</select>
	<select id="surchRowCategory" parameterType="int" resultType="category">
		select * from category_tbl where level=2 start with no =#{no} connect by prior no = parent_no
	</select>
	
	
</mapper>